,antecedents,consequents,antecedent support,consequent support,support,confidence,lift,leverage,conviction,antecedent_len
19,"frozenset({'whole milk', 'root vegetables'})",frozenset({'other vegetables'}),0.04870360955770209,0.1934926283680732,0.022979156075241484,0.47181628392484337,2.438419943458137,0.013555366650909294,1.526944786607482,2
22,"frozenset({'whole milk', 'tropical fruit'})",frozenset({'other vegetables'}),0.042094560244026434,0.1934926283680732,0.016878495170310117,0.40096618357487923,2.072255604550151,0.008733508068695241,1.3463469832887809,2
